,mo_real_1,mo_real_2,mo_real_3,mo_sim_1,mo_sim_2,mo_sim_3,mo_sim_mean_sd_1,mo_sim_mean_sd_2,mo_sim_mean_sd_3,null_0,null_1
mo_real_1,1.0,0.8546341341976355,0.8771241496943657,0.6958170902078715,0.6450913980994614,0.6626874504276126,0.767351716025235,0.7563407507853926,0.7633185616610947,,0.007075439089162358
mo_real_2,0.8546341341976355,1.0,0.951197521589285,0.6949666247262517,0.6674798398458448,0.6787619615245679,0.7677441495399258,0.7480660863974379,0.759116132808601,,0.007184034999450541
mo_real_3,0.8771241496943657,0.951197521589285,1.0,0.6892397570476264,0.6531934861182959,0.675199649963894,0.7679419333770163,0.749181474379734,0.7606361382097173,,0.0072160942859785734
mo_sim_1,0.6958170902078715,0.6949666247262517,0.6892397570476264,1.0,0.9683006418463942,0.9787929967740585,0.8998377445328402,0.9039838467990166,0.9025323499891656,,0.007690958333645391
mo_sim_2,0.6450913980994614,0.6674798398458448,0.6531934861182959,0.9683006418463942,1.0,0.9861582798670924,0.8308753202011276,0.8358949685070025,0.8330091650269073,,0.007212429996723683
mo_sim_3,0.6626874504276126,0.6787619615245679,0.675199649963894,0.9787929967740585,0.9861582798670924,1.0,0.8558724247357636,0.859651152040634,0.8584448157318895,,0.007494980625799718
mo_sim_mean_sd_1,0.767351716025235,0.7677441495399258,0.7679419333770163,0.8998377445328402,0.8308753202011276,0.8558724247357636,1.0,0.9945183085654465,0.9973291370428795,,0.00757933089685644
mo_sim_mean_sd_2,0.7563407507853926,0.7480660863974379,0.749181474379734,0.9039838467990166,0.8358949685070025,0.859651152040634,0.9945183085654465,1.0,0.9972729505169531,,0.007617147222468878
mo_sim_mean_sd_3,0.7633185616610947,0.759116132808601,0.7606361382097173,0.9025323499891656,0.8330091650269073,0.8584448157318895,0.9973291370428795,0.9972729505169531,1.0,,0.0076773148784954675
null_0,,,,,,,,,,,
null_1,0.007075439089162358,0.007184034999450541,0.0072160942859785734,0.007690958333645391,0.007212429996723683,0.007494980625799718,0.00757933089685644,0.007617147222468878,0.0076773148784954675,,1.0
