,mo_real_1,mo_real_2,mo_real_3,mo_sim_1,mo_sim_2,mo_sim_3,mo_sim_mean_sd_1,mo_sim_mean_sd_2,mo_sim_mean_sd_3,null_0,null_1
mo_real_1,1.0,0.9300540760726331,0.9505781461208846,0.7939219783263933,0.7939774727666469,0.8038098106368822,0.7715370774489555,0.7750500826224197,0.7785874895575579,,0.011448342006793916
mo_real_2,0.9300540760726331,1.0,0.9413279064506205,0.7814386761150608,0.7834659739696801,0.792197413865892,0.7554446401894062,0.7595896357741232,0.7622261400830762,,0.011438212729539812
mo_real_3,0.9505781461208846,0.9413279064506205,1.0,0.7832135052603525,0.7845056049188077,0.79452779111751,0.760832844646846,0.76459879533581,0.7678099128809053,,0.011353895393815804
mo_sim_1,0.7939219783263933,0.7814386761150608,0.7832135052603525,1.0,0.9780589921154641,0.9753673072910941,0.9403795085675328,0.9441489925447643,0.9402749077243274,,0.013786263704300913
mo_sim_2,0.7939774727666469,0.7834659739696801,0.7845056049188077,0.9780589921154641,1.0,0.9748657733367136,0.933168888432452,0.936383650131401,0.9304978920132148,,0.013879299314745653
mo_sim_3,0.8038098106368822,0.792197413865892,0.79452779111751,0.9753673072910941,0.9748657733367136,1.0,0.9301419764376867,0.9332461140315852,0.9307202099427727,,0.013606021128640339
mo_sim_mean_sd_1,0.7715370774489555,0.7554446401894062,0.760832844646846,0.9403795085675328,0.933168888432452,0.9301419764376867,1.0,0.9929653912615047,0.9866641822016836,,0.01314320314350847
mo_sim_mean_sd_2,0.7750500826224197,0.7595896357741232,0.76459879533581,0.9441489925447643,0.936383650131401,0.9332461140315852,0.9929653912615047,1.0,0.987091406162196,,0.013199344454901977
mo_sim_mean_sd_3,0.7785874895575579,0.7622261400830762,0.7678099128809053,0.9402749077243274,0.9304978920132148,0.9307202099427727,0.9866641822016836,0.987091406162196,1.0,,0.013048827441004827
null_0,,,,,,,,,,,
null_1,0.011448342006793916,0.011438212729539812,0.011353895393815804,0.013786263704300913,0.013879299314745653,0.013606021128640339,0.01314320314350847,0.013199344454901977,0.013048827441004827,,1.0
