,real_1,sim_1
real_1,1.0,0.5554302657701172
sim_1,0.5554302657701172,1.0
