,real_1,sim_1
real_1,1.0,0.9698557759267667
sim_1,0.9698557759267667,1.0
